<?xml version="1.0" encoding="UTF-8" standalone="yes"?>
<addon id="plugin.video.f1tv" name="F1TV Kodi Plugin" version="0.1.6" provider-name="BBsan2k, TheDevFreak, HypnOS HAXX0R, lage2104">
    <requires>
        <import addon="xbmc.python" version="2.25.0"/>
        <import addon="script.module.routing" version="0.2.0"/>
        <import addon="script.module.requests" version="2.9.1"/>
        <import addon="script.module.pyjwt" version="1.6.4"/>
        <import addon="script.module.cache" version="1.0.1"/>
    </requires>
    <extension point="xbmc.python.pluginsource" library="main.py">
        <provides>video</provides>
    </extension>
    <extension point="xbmc.addon.metadata">
        <summary lang="en_GB">Provides functionality to view stream from F1TV</summary>
        <description lang="en_GB">Plugin for F1TV Streaming Service</description>
        <description lang="de_DE">Plugin für F1TV</description>
        <language></language>
        <platform>all</platform>
        <license>MIT</license>
        <forum></forum>
        <website></website>
        <email>bbsan2k@gmail.com</email>
        <source></source>
        <news></news>
        <disclaimer></disclaimer>
        <assets>
            <icon>resources/F1TV_Logo.png</icon>
            <fanart></fanart>
        </assets>
    </extension>
</addon>
