<?xml version="1.0" encoding="UTF-8" standalone="yes"?>
<addon id="repository.f1tv" name="F1TV Addon Repository" version="0.0.1" provider-name="BBsan2k">
	<extension point="xbmc.addon.repository" name="F1TV Addon Repository">
		<info compressed="false">https://raw.githubusercontent.com/bbsan2k/repository.f1tv/master/zips/addons.xml</info>
		<checksum>https://raw.githubusercontent.com/bbsan2k/repository.f1tv/master/zips/addons.xml.md5</checksum>
		<datadir zip="true">https://raw.githubusercontent.com/bbsan2k/repository.f1tv/master/zips/</datadir>
	</extension>
	<extension point="xbmc.addon.metadata">
		<summary lang="en">F1TV Addon Repository</summary>
		<description lang="en">F1TV Addon Repository</description>
		<genre>sports,tech</genre>
	</extension>
</addon>
